[
    {
        "CODE_TYPE":"PATIENTSTATUS",
        "CODE":"01",
        "CODE_DESC":"Left against medical advice or discontinued care",
        "CODE_ACTIVE_STATUS":"A",
        "status":"CORRECT"
    },
    {
        "CODE_TYPE":"PATIENTSTATUS",
        "CODE":"02",
        "CODE_DESC":"Reserved for national assignment",
        "CODE_ACTIVE_STATUS":"A",
        "status":"CORRECT"
    },
    {
        "CODE_TYPE":"PATIENTSTATUS",
        "CODE":"03",
        "CODE_DESC":"Still patient",
        "CODE_ACTIVE_STATUS":"A",
        "status":"CORRECT"
    },
    {
        "CODE_TYPE":"PATIENTSTATUS",
        "CODE":"04",
        "CODE_DESC":"Discharged\/transferred to a federal health care facility",
        "CODE_ACTIVE_STATUS":"A",
        "status":"CORRECT"
    },
    {
        "CODE_TYPE":"TPLCARRIERCODE",
        "CODE":"11",
        "CODE_DESC":"PHOENIX BENEFITS RX",
        "CODE_ACTIVE_STATUS":"A",
        "status":"CORRECT"
    },
    {
        "CODE_TYPE":"TPLCARRIERCODE",
        "CODE":"12",
        "CODE_DESC":"CORPORATE PLAN MANAGEMENT",
        "CODE_ACTIVE_STATUS":"I",
        "status":"CORRECT"
    },
    {
        "CODE_TYPE":"TRADINGPARTNERID",
        "CODE":"HM3200",
        "CODE_DESC":"Blue Choice",
        "CODE_ACTIVE_STATUS":"A",
        "status":"CORRECT"
    },
    {
        "CODE_TYPE":"TRADINGPARTNERID",
        "CODE":"M00377SC1",
        "CODE_DESC":"Humana",
        "CODE_ACTIVE_STATUS":"I",
        "status":"INCORRECT"
    },
    {
        "CODE_TYPE":"TRADINGPARTNERID",
        "CODE":"HM3200",
        "CODE_DESC":"Centene",
        "CODE_ACTIVE_STATUS":"A",
        "status":"CORRECT"
    }
]