[
  {
    "timestamp": "2025-07-09T19:58:37.563837+00:00",
    "level": "ERROR",
    "message": "Invalid record",
    "data": {
      "record": {
        "claim_id": "C001",
        "patient_id": "P101",
        "diagnosis_code": "J20.9",
        "claim_amount": "not_a_number",
        "service_date": "2023-01-15",
        "provider_id": "PRV001",
        "status": "Pending"
      },
      "error": "could not convert string to float: 'not_a_number'"
    }
  },
  {
    "timestamp": "2025-07-09T19:58:39.646837+00:00",
    "level": "INFO",
    "message": "Fetched rules from remote"
  },
  {
    "timestamp": "2025-07-09T19:58:39.646837+00:00",
    "level": "INFO",
    "orders": [],
    "rulesApplied": "RemoteRulesEngine",
    "invalidRecordInfo": [
      {
        "claim_id": "C001",
        "error": "could not convert string to float: 'not_a_number'"
      }
    ]
  },
  {
    "timestamp": "2025-07-09T19:58:39.646837+00:00",
    "level": "INFO",
    "message": "Rule applied: TestRule",
    "data": {
      "claim_id": "C001"
    }
  },
  {
    "timestamp": "2025-07-09T19:58:39.646837+00:00",
    "level": "INFO",
    "orders": [
      {
        "claim_id": "C001",
        "patient_id": "P101",
        "diagnosis_code": "J20.9",
        "claim_amount": 150.75,
        "service_date": "2023-01-15",
        "provider_id": "PRV001",
        "status": "Flagged"
      },
      {
        "claim_id": "C002",
        "patient_id": "P102",
        "diagnosis_code": "I10",
        "claim_amount": 50.0,
        "service_date": "2023-01-16",
        "provider_id": "PRV002",
        "status": "Pending"
      }
    ],
    "rulesApplied": "RemoteRulesEngine",
    "invalidRecordInfo": []
  },
  {
    "timestamp": "2025-07-09T19:58:39.646837+00:00",
    "level": "ERROR",
    "message": "CSV schema mismatch. Expected: ['claim_id', 'patient_id', 'diagnosis_code', 'claim_amount', 'service_date', 'provider_id', 'status'], Received: ['bad_col1', 'bad_col2']"
  },
  {
    "timestamp": "2025-07-09T19:58:41.723990+00:00",
    "level": "INFO",
    "message": "Fetched rules from remote"
  },
  {
    "timestamp": "2025-07-09T19:58:41.723990+00:00",
    "level": "INFO",
    "orders": [
      {
        "claim_id": "C001",
        "patient_id": "P101",
        "diagnosis_code": "J20.9",
        "claim_amount": 150.75,
        "service_date": "2023-01-15",
        "provider_id": "PRV001",
        "status": "Pending"
      }
    ],
    "rulesApplied": "RemoteRulesEngine",
    "invalidRecordInfo": []
  }
]