[
    {
        "P_PROV_CITY": "HARTSVILLE",
        "P_PROV_FIPS": 59055,
        "P_PROV_FIRST_NAME": "ANDY",
        "P_PROV_ID": 1003000936,
        "P_PROV_LAST_NAME": "STELLINGWORTH",
        "P_PROV_MIDDLE_NAME": "A",
        "P_PROV_NAME_SUFFIX": "MISS",
        "P_PROV_STATE": "SC",
        "P_PROV_ZIP_CODE": 467245,
        "rules_triggered": true
    },
    {
        "P_PROV_CITY": "HARTSVILLE",
        "P_PROV_FIPS": 45789345,
        "P_PROV_FIRST_NAME": "BENJAMIN",
        "P_PROV_ID": 1003002775,
        "P_PROV_LAST_NAME": "FLEMING",
        "P_PROV_MIDDLE_NAME": "P",
        "P_PROV_NAME_SUFFIX": "MR",
        "P_PROV_STATE": "SC",
        "P_PROV_ZIP_CODE": 234234,
        "rules_triggered": false
    },
    {
        "P_PROV_CITY": "GREENVILLE",
        "P_PROV_FIPS": 54666,
        "P_PROV_FIRST_NAME": "SAHED",
        "P_PROV_ID": 1003002841,
        "P_PROV_LAST_NAME": "CHAUDHARY",
        "P_PROV_MIDDLE_NAME": "R",
        "P_PROV_NAME_SUFFIX": "MR",
        "P_PROV_STATE": "SC",
        "P_PROV_ZIP_CODE": 347294,
        "rules_triggered": true
    },
    {
        "P_PROV_CITY": "CHARLOTTE",
        "P_PROV_FIPS": 34555654,
        "P_PROV_FIRST_NAME": "DON",
        "P_PROV_ID": 1003002843,
        "P_PROV_LAST_NAME": "JOE",
        "P_PROV_MIDDLE_NAME": "M",
        "P_PROV_NAME_SUFFIX": "MR",
        "P_PROV_STATE": "NC",
        "P_PROV_ZIP_CODE": 386933,
        "rules_triggered": false
    },
    {
        "P_PROV_CITY": "AUGUSTA",
        "P_PROV_FIPS": 52233876,
        "P_PROV_FIRST_NAME": "KATE",
        "P_PROV_ID": 1003002847,
        "P_PROV_LAST_NAME": "PAUL",
        "P_PROV_MIDDLE_NAME": "J",
        "P_PROV_NAME_SUFFIX": "MRS",
        "P_PROV_STATE": "GA",
        "P_PROV_ZIP_CODE": 975852,
        "rules_triggered": false
    }
]