{
  "rules": [
    {
      "name": "UrgentRouteForCriticalDiagnosis",
      "condition": "diagnosis_code in ['I21', 'C34']",
      "action": {"field": "route", "value": "priority"}
    },
    {
      "name": "ApproveSmallClaims",
      "condition": "claim_amount < 50",
      "action": {"field": "status", "value": "Approved"}
    },
    {
      "name": "FlagLongPendingClaims",
      "condition": "status == 'Pending' and service_date < '2023-01-01'",
      "action": {"field": "status", "value": "Flagged for Review"}
    }
  ]
}